,name,adress,rait,rait_count,link,closing_time,category
0,Farfor,"Харьковский пер., 36Д, Белгород",4.3,391 оценка,https://yandex.ru/maps/org/farfor/73233893783,Открыто до 23:00,Доставка еды и обедов
1,Перчини Grill&Wine,"просп. Славы, 90А, Белгород",4.5,(2416),https://yandex.ru/maps/org/perchini_grill_wine/161324280001,Открыто до 23:00,Ресторан
2,Ниндзя ФУД,"ул. Костюкова, 39, Белгород",4.7,(651),https://yandex.ru/maps/org/nindzya_fud/186872516564,Открыто до 23:00,Кафе
3,Дао,"Харьковская ул., 3, Белгород, этаж 1",4.4,407 оценок,https://yandex.ru/maps/org/dao/17169128887,Открыто до 22:00,Ресторан
4,Тшм,"Белгородский просп., 93, Белгород",3.7,239 оценок,https://yandex.ru/maps/org/tshm/190737174920,Круглосуточно,Быстрое питание
5,Белшашлык,"ул. Попова, 76А, Белгород",4.7,469 оценок,https://yandex.ru/maps/org/belshashlyk/43826473882,Круглосуточно,Быстрое питание
6,Шедевр,"просп. Богдана Хмельницкого, 77, Белгород",4.4,315 оценок,https://yandex.ru/maps/org/shedevr/103969587418,Открыто до 22:30,Кафе
7,Pitnica,"Преображенская ул., 86, Белгород",4.9,1822 оценки,https://yandex.ru/maps/org/pitnica/87837556709,Открыто до 00:00,"Бар, паб"
8,The doner,"Спортивная ул., 1А, 10-й микрорайон, Белгород",4.1,116 оценок,https://yandex.ru/maps/org/the_doner/168328757954,Открыто до 23:00,Кафе
9,The Doner,"ул. Некрасова, 1, Белгород",4.2,153 оценки,https://yandex.ru/maps/org/the_doner/3704031842,Открыто до 22:00,Кафе
10,KFC,"просп. Богдана Хмельницкого, 18А, Белгород",4.2,526 оценок,https://yandex.ru/maps/org/kfc/81916251006,Открыто до 22:00,Быстрое питание
11,Mesto Grill,"Свято-Троицкий бул., 7, Белгород, этаж 1",4.7,1681 оценка,https://yandex.ru/maps/org/mesto_grill/58696673474,Открыто до 00:00,Ресторан
12,Сидрерия,"ул. Костюкова, 36Г, Белгород, БЦ Владимирский, этаж 1",5.0,2162 оценки,https://yandex.ru/maps/org/sidreriya/35871937040,Открыто до 00:00,"Бар, паб"
13,Vasilchuki Chaihona № 1,"Донецкая ул., 93, Белгород, ул. Донецкая, 93",4.8,1810 оценок,https://yandex.ru/maps/org/vasilchuki_chaihona_1/66197417713,Открыто до 01:00,Ресторан
14,Бидон,"просп. Ватутина, 5Г, Белгород",4.8,983 оценки,https://yandex.ru/maps/org/bidon/34459843530,Открыто до 23:00,Ресторан
15,I am pho,"ул. Щорса, 64, Белгород, ТРЦ ""Сити Молл"", этаж 1",4.1,152 оценки,https://yandex.ru/maps/org/i_am_pho/208905932324,Открыто до 22:00,Кафе
16,Футурист. bar+kitchen,"просп. Ватутина, 5Б, Белгород",4.3,863 оценки,https://yandex.ru/maps/org/futurist_bar_kitchen/120552542588,Открыто до 00:00,Кафе
17,Пит-Стоп,"ул. Костюкова, 14, Белгород",4.1,153 оценки,https://yandex.ru/maps/org/pit_stop/42641838756,Круглосуточно,Кафе
18,Грин фиш,"ул. Губкина, 17И, Белгород, этаж 1",4.9,(115),https://yandex.ru/maps/org/grin_fish/45623384314,Открыто до 22:45,Доставка еды и обедов
19,Мир шашлыка,"Владимирский пер., 11А, Белгород",4.6,358 оценок,https://yandex.ru/maps/org/mir_shashlyka/1180411458,Открыто до 23:00,Кафе
20,Папа Джонс,"Гражданский просп., 25, Белгород",4.4,540 оценок,https://yandex.ru/maps/org/papa_dzhons/90022225938,Открыто до 00:00,Пиццерия
21,Еда'ки,"ул. Макаренко, 12, корп. 6, Белгород, этаж 1",4.4,240 оценок,https://yandex.ru/maps/org/yeda_ki/117636070481,Открыто до 22:00,Быстрое питание
22,Вкус Счастья,"Харьковская ул., 3, Белгород",4.2,118 оценок,https://yandex.ru/maps/org/vkus_schastya/52884114061,Открыто до 22:00,Кафе
23,KFC,"Белгородский просп., 87, Белгород, ТК Центральный, этаж 1",4.3,1300 оценок,https://yandex.ru/maps/org/kfc/1321687128,Открыто до 22:00,Быстрое питание
24,Потапыч,"Народный бул., 64, Белгород",4.1,849 оценок,https://yandex.ru/maps/org/potapych/1077887981,Открыто до 23:00,Пиццерия
25,ПАРА-пицца,"ул. Горького, 76А, Белгород",4.9,(262),https://yandex.ru/maps/org/para_pitstsa/86691904853,Открыто до 22:00,Доставка еды и обедов
26,Корчма,"просп. Богдана Хмельницкого, 84, Белгород, этаж 1",4.4,861 оценка,https://yandex.ru/maps/org/korchma/230872268713,Открыто до 00:00,Ресторан
27,Дикая утка,"Преображенская ул., 63Б, Белгород, этаж 1",4.7,1050 оценок,https://yandex.ru/maps/org/dikaya_utka/133726938482,Открыто до 23:00,Кафе
28,KFC Авто,"просп. Богдана Хмельницкого, 18А, Белгород",4.2,1160 оценок,https://yandex.ru/maps/org/kfc_avto/91033790754,Открыто до 00:00,Быстрое питание
29,Потапыч,"ул. Королёва, 4Б, Белгород",4.2,1680 оценок,https://yandex.ru/maps/org/potapych/1087032549,Открыто до 23:00,Пиццерия
30,MYBOX,"ул. 50-летия Белгородской области, 19, Белгород, Овен, этаж 1",4.2,274 оценки,https://yandex.ru/maps/org/mybox/169140658774,Открыто до 23:00,Суши-бар
31,The GriLL,"ул. 50-летия Белгородской области, 19, Белгород, ТЦ Овен",4.3,195 оценок,https://yandex.ru/maps/org/the_grill/42734842862,Открыто до 23:00,Быстрое питание
32,Восточный смак,"ул. Победы, 71, Белгород",4.3,708 оценок,https://yandex.ru/maps/org/vostochny_smak/1799446382,Круглосуточно,Быстрое питание
33,Тук-Тук,"ул. Попова, 58, Белгород",4.4,351 оценка,https://yandex.ru/maps/org/tuk_tuk/38349068751,Круглосуточно,Быстрое питание
34,Восточное бистро,"Белгородский просп., 87А, корп. 2, Белгород",4.5,467 оценок,https://yandex.ru/maps/org/vostochnoye_bistro/150515449959,Открыто до 02:00,Быстрое питание
35,Пицца 32 СМ,"ул. Мичурина, 52, Белгород",4.5,500 оценок,https://yandex.ru/maps/org/pitstsa_32_sm/244589096480,Открыто до 01:45,Пиццерия
36,Потапыч,"Народный бул., 101, Белгород, этаж цокольный",4.0,1160 оценок,https://yandex.ru/maps/org/potapych/1085136466,Открыто до 23:00,Пиццерия
37,Стэйси пицца,"просп. Славы, 86, Белгород",4.7,(448),https://yandex.ru/maps/org/steysi_pitstsa/204054002796,Открыто до 21:45,Пиццерия
38,Еда в лаваше,"ул. Калинина, 62, Белгород",4.0,44 оценки,https://yandex.ru/maps/org/yeda_v_lavashe/149574743022,Открыто до 22:00,Быстрое питание
39,Лес и Лис,"Волчанская ул., 292Б, Белгород, этаж 1",4.9,(3061),https://yandex.ru/maps/org/les_i_lis/60532692927,Открыто до 23:00,Ресторан
40,Yellowcafe.ru,"ул. Щорса, 45Л, Белгород, этаж 1",4.6,471 оценка,https://yandex.ru/maps/org/yellowcafe_ru/233208043873,Открыто до 21:00,Доставка еды и обедов
41,Ale House,"ул. Щорса, 93, Белгород, этаж 1",4.7,2693 оценки,https://yandex.ru/maps/org/ale_house/1390148821,Открыто до 23:30,"Бар, паб"
42,Халяль,"ул. 50-летия Белгородской области, 12Б, Белгород",4.4,246 оценок,https://yandex.ru/maps/org/khalyal/195268017846,Открыто до 20:00,Столовая
43,12 Стульев,"ул. Есенина, 8А, Белгород, этаж 1 , 2",4.2,562 оценки,https://yandex.ru/maps/org/12_stulyev/1157304685,Открыто до 00:00,Ресторан
44,Ресторан,"ул. Попова, 18, Белгород",4.2,38 оценок,https://yandex.ru/maps/org/restoran/68094651754,График работы не указан,Ресторан
45,Пицаныч & Шавермыч,"ул. Победы, 71, Белгород",4.3,791 оценка,https://yandex.ru/maps/org/pitsanych_shavermych/25279961151,Открыто до 00:00,Пиццерия
46,Грильная 31,"ул. Победы, 85А, Белгород",4.2,68 оценок,https://yandex.ru/maps/org/grilnaya_31/216484969007,Открыто до 20:00,Быстрое питание
47,Очень вкусная еда,"Садовая ул., 31, Белгород, этаж 1",3.4,84 оценки,https://yandex.ru/maps/org/ochen_vkusnaya_yeda/135546426970,Круглосуточно,Быстрое питание
48,Сахар,"просп. Богдана Хмельницкого, 79, Белгород",4.8,(231),https://yandex.ru/maps/org/sakhar/220267115404,Открыто до 23:00,Кофейня
49,Трапеза,"просп. Славы, 31А, Белгород, этаж 1",4.1,98 оценок,https://yandex.ru/maps/org/trapeza/1109696060,Открыто до 20:00,Кафе
50,Benny Kitchen,"ул. Николая Островского, 27, Белгород",4.5,1248 оценок,https://yandex.ru/maps/org/benny_kitchen/114962261483,Открыто до 00:00,Кафе
51,Чучело,"Народный бул., 79Б, Белгород, этаж 1",4.8,146 оценок,https://yandex.ru/maps/org/chuchelo/2217110393,Открыто до 00:00,"Бар, паб"
52,Farfor,"Харьковский пер., 36Д, Белгород",4.3,391 оценка,https://yandex.ru/maps/org/farfor/73233893783,Открыто до 23:00,Доставка еды и обедов
53,Перчини Grill&Wine,"просп. Славы, 90А, Белгород",4.5,(2416),https://yandex.ru/maps/org/perchini_grill_wine/161324280001,Открыто до 23:00,Ресторан
54,Старик Хинкалыч,"ул. Щорса, 64, Белгород, МТРК СитиМолл Белгородский",4.5,592 оценки,https://yandex.ru/maps/org/starik_khinkalych/7263629297,Открыто до 22:00,Кафе
55,Потапыч,"Свято-Троицкий бул., 1, Белгород, этаж 1",4.0,548 оценок,https://yandex.ru/maps/org/potapych/1003208347,Открыто до 23:00,Пиццерия
56,Forest grill,"Гражданский просп., 34, Белгород",5.0,2059 оценок,https://yandex.ru/maps/org/forest_grill/126721151869,Открыто до 00:00,Ресторан
57,Башня,"просп. Славы, 55, Белгород, этаж 1",4.7,1101 оценка,https://yandex.ru/maps/org/bashnya/1365292204,Открыто до 00:00,Ресторан
58,Лабиринт,"просп. Богдана Хмельницкого, 133М, Белгород, этаж цокольный",4.3,393 оценки,https://yandex.ru/maps/org/labirint/1794899845,Открыто до 21:00,Кафе
59,Вкусно — и точка,"Белгородский просп., 87, Белгород",4.4,376 оценок,https://yandex.ru/maps/org/vkusno_i_tochka/26511763226,Открыто до 00:00,Быстрое питание
60,Смокерная,"Садовая ул., 3Б, Белгород",4.8,194 оценки,https://yandex.ru/maps/org/smokernaya/16733042178,Открыто до 22:00,Доставка еды и обедов
61,Кенгуру,"ул. Щорса, 57, Белгород, этаж 1",4.3,340 оценок,https://yandex.ru/maps/org/kenguru/158170228173,Открыто до 21:30,Пиццерия
62,Экватор,"ул. Победы, 85, корп. 11, Белгород",3.8,257 оценок,https://yandex.ru/maps/org/ekvator/1286448209,Открыто до 18:00,Кафе
63,Тшм,"просп. Богдана Хмельницкого, 101, Белгород",4.0,138 оценок,https://yandex.ru/maps/org/tshm/68420646008,Открыто до 00:00,Быстрое питание
64,Армада,"Гостенская ул., 2Б, Белгород",3.8,126 оценок,https://yandex.ru/maps/org/armada/236467961823,Открыто до 00:00,Быстрое питание
65,Виноград,"Преображенская ул., 86, Белгород",4.9,(688),https://yandex.ru/maps/org/vinograd/28691424978,Открыто до 00:00,Ресторан
66,Восточный смак,"бул. Юности, 5Б, Белгород, ТЦ Гулливер, этаж 1",4.1,373 оценки,https://yandex.ru/maps/org/vostochny_smak/200704330338,Круглосуточно,Кафе
67,Столовая-Пловная,"Михайловское ш., 23, Белгород",4.5,190 оценок,https://yandex.ru/maps/org/stolovaya_plovnaya/100140048733,Открыто до 17:00,Столовая
68,Кейтеринг Белогорья,"просп. Богдана Хмельницкого, 166А, Белгород, этаж 1",4.4,78 оценок,https://yandex.ru/maps/org/keytering_belogorya/1727963751,Открыто до 20:00,Кейтеринг
69,Амбер,"просп. Славы, 39А, Белгород, этаж 1",4.9,758 оценок,https://yandex.ru/maps/org/amber/164156250545,Открыто до 00:00,"Бар, паб"
70,Roll Food Boll,"ул. Губкина, 39А, Белгород",4.4,66 оценок,https://yandex.ru/maps/org/roll_food_boll/170461627786,Открыто до 22:00,Доставка еды и обедов
71,Веретено,"Волчанская ул., 280А, Белгород",4.9,1062 оценки,https://yandex.ru/maps/org/vereteno/1232425820,Открыто до 00:00,Ресторан
72,Очень вкусная еда,"ул. Губкина, 29, корп. 1, Белгород",4.0,153 оценки,https://yandex.ru/maps/org/ochen_vkusnaya_yeda/131161222483,Круглосуточно,Быстрое питание
73,БелОбед,"ул. Константина Заслонова, 191, Белгород, этаж 1",4.3,85 оценок,https://yandex.ru/maps/org/belobed/193117717536,Закрыто до завтра,Доставка еды и обедов
74,Томато,"ул. Попова, 17, Белгород",4.6,1138 оценок,https://yandex.ru/maps/org/tomato/58409121216,Открыто до 22:00,Ресторан
75,Палки & Вилки,"Гражданский просп., 29А, Белгород",4.3,189 оценок,https://yandex.ru/maps/org/palki_vilki/169726383450,Открыто до 02:00,Ресторан
76,Восточный дворик,"Гражданский просп., 2, Белгород",4.3,484 оценки,https://yandex.ru/maps/org/vostochny_dvorik/56700338472,Круглосуточно,Кафе
77,Алиса в стране чудес,"ул. 50-летия Белгородской области, 14, Белгород",4.5,1646 оценок,https://yandex.ru/maps/org/alisa_v_strane_chudes/1366275916,График работы не указан,Кафе
78,Чернозём,"бул. Юности, 2, Белгород",4.3,409 оценок,https://yandex.ru/maps/org/chernozyom/84641082036,Открыто до 23:00,Кафе
79,Корчма,"Гражданский просп., 18, Белгород, этаж 1",4.5,599 оценок,https://yandex.ru/maps/org/korchma/1190271420,Открыто до 00:00,Ресторан
80,Тшм,"ул. Победы, 145, Белгород",4.0,249 оценок,https://yandex.ru/maps/org/tshm/195128743745,Круглосуточно,Быстрое питание
81,Вкусно — и точка,"просп. Богдана Хмельницкого, 160А, Белгород",4.5,1218 оценок,https://yandex.ru/maps/org/vkusno_i_tochka/33792176335,Открыто до 22:00,Быстрое питание
82,Бублик,"Свято-Троицкий бул., 1, Белгород",4.4,414 оценок,https://yandex.ru/maps/org/bublik/59848137704,Открыто до 22:30,Кафе
83,Шаурма & Гриль,"ул. Костюкова, 39А, Белгород",4.2,135 оценок,https://yandex.ru/maps/org/shaurma_gril/118153595234,Открыто до 23:00,Быстрое питание
84,Бробар,"Студенческая ул., 1Б, Белгород",4.0,21 оценка,https://yandex.ru/maps/org/brobar/57280869368,Открыто до 20:00,Быстрое питание
85,Барашек,"Корочанская ул., 39В, Белгород",5.0,2309 оценок,https://yandex.ru/maps/org/barashek/33147398141,Открыто до 00:00,Ресторан
86,Ням-Ням,"ул. Некрасова, 31Б, Белгород, этаж 1",4.1,439 оценок,https://yandex.ru/maps/org/nyam_nyam/1237410236,Открыто до 22:00,Пиццерия
87,Oysters бар,"Свято-Троицкий бул., 1, Белгород",4.3,200 оценок,https://yandex.ru/maps/org/oysters_bar/174941923433,Открыто до 23:00,Ресторан
88,Food Cost,"Песчаная ул., 1А, Белгород",4.1,69 оценок,https://yandex.ru/maps/org/food_cost/35216497491,Открыто до 21:00,Кофейня
89,Артель,"ул. Королёва, 4Д, Белгород",4.5,1234 оценки,https://yandex.ru/maps/org/artel/115849083421,Открыто до 00:02,Кафе
90,Смак Восточный,"Сумская ул., 70В, Белгород",4.4,332 оценки,https://yandex.ru/maps/org/smak_vostochny/193900958235,Круглосуточно,Быстрое питание
91,Восточный смак,"ул. Губкина, 22А, Белгород",4.1,316 оценок,https://yandex.ru/maps/org/vostochny_smak/238887450220,Круглосуточно,Быстрое питание
92,У Брата,"ул. Апанасенко, 95, Белгород, этаж 1",4.4,161 оценка,https://yandex.ru/maps/org/u_brata/111290790903,Открыто до 22:00,Кафе
93,Восточный Смак,"Корочанская ул., 493А, Белгород",4.7,1756 оценок,https://yandex.ru/maps/org/vostochny_smak/17522521873,Круглосуточно,Быстрое питание
94,Восточный смак,"ул. Серафимовича, 67, Белгород, этаж 1",4.3,391 оценка,https://yandex.ru/maps/org/vostochny_smak/1834505562,Круглосуточно,Быстрое питание
95,Сашими,"бул. Юности, 2, Белгород, этаж 1",4.8,(118),https://yandex.ru/maps/org/sashimi/54126388682,Открыто до 21:41,Доставка еды и обедов
96,Суши Тайм,"ул. Николая Островского, 16, Белгород, этаж -1",4.2,332 оценки,https://yandex.ru/maps/org/sushi_taym/32463987438,Открыто до 22:00,Суши-бар
97,Потапыч,"ул. Макаренко, 12Г, Белгород",4.1,1204 оценки,https://yandex.ru/maps/org/potapych/81206838608,Открыто до 23:00,Пиццерия
98,Кофе и Баббл Ти,"ул. Победы, 104, Белгород",5.0,457 оценок,https://yandex.ru/maps/org/kofe_i_babbl_ti/96222984660,Открыто до 21:00,Кофейня
99,Мидийное место,"ул. Попова, 36, Белгород",5.0,1027 оценок,https://yandex.ru/maps/org/midiynoye_mesto/62180282954,Открыто до 23:00,Ресторан
100,Francesco,"Гражданский просп., 56, Белгород",4.4,526 оценок,https://yandex.ru/maps/org/francesco/178436360106,Открыто до 23:00,Кафе
101,Грин Фиш,"Садовая ул., 6, Белгород",4.3,166 оценок,https://yandex.ru/maps/org/grin_fish/167278072767,Открыто до 22:45,Суши-бар
102,Гринн Beer,"просп. Богдана Хмельницкого, 137Т, Белгород, этаж 3",4.1,1052 оценки,https://yandex.ru/maps/org/grinn_beer/1184452651,Открыто до 23:00,Ресторан
103,Любимая,"ул. Белгородского Полка, 50, Белгород",3.9,126 оценок,https://yandex.ru/maps/org/lyubimaya/1017342120,Открыто до 23:00,Кафе
104,Кафе 10.03,"Парковая ул., 10, Белгород",4.4,511 оценок,https://yandex.ru/maps/org/kafe_10_03/141580445815,Открыто до 23:00,Кафе
105,Стейк & Бургер Мираторг,"Свято-Троицкий бул., 17, Белгород",4.3,153 оценки,https://yandex.ru/maps/org/steyk_burger_miratorg/227855793240,Открыто до 20:00,Кафе
106,Академия здорового питания,"Комсомольская ул., 41, Белгород",4.4,35 оценок,https://yandex.ru/maps/org/akademiya_zdorovogo_pitaniya/174205667313,Открыто до 18:00,Доставка еды и обедов
107,Конор,"ул. Некрасова, 7, Белгород, этаж 1",4.3,270 оценок,https://yandex.ru/maps/org/konor/188208013511,Открыто до 22:00,Кафе
108,I am Pho,"просп. Богдана Хмельницкого, 137Т, Белгород, этаж 4",3.9,103 оценки,https://yandex.ru/maps/org/i_am_pho/74661754223,Открыто до 22:00,Кафе
109,Лаки-Даки,"Преображенская ул., 63Б, Белгород, этаж 1",4.4,46 оценок,https://yandex.ru/maps/org/laki_daki/90271235121,Закрыто до завтра,Доставка еды и обедов
110,Азбука Хлеба,"Преображенская ул., 106, Белгород",4.7,129 оценок,https://yandex.ru/maps/org/azbuka_khleba/72072593748,Открыто до 20:00,Доставка еды и обедов
111,Катана,"Студенческая ул., 6Б, Белгород, этаж 1",4.9,431 оценка,https://yandex.ru/maps/org/katana/229212157130,Открыто до 22:45,Доставка еды и обедов
112,Корчма,"ул. Щорса, 45А, Белгород",4.5,942 оценки,https://yandex.ru/maps/org/korchma/1214186914,Открыто до 00:00,Ресторан
113,Суши Дом Премиум,"Гражданский просп., 18, Белгород, этаж 1",4.2,217 оценок,https://yandex.ru/maps/org/sushi_dom_premium/182621094379,Открыто до 22:00,Суши-бар
114,Раффуд,"Белгородский просп., 87А, корп. 2, Белгород",4.1,53 оценки,https://yandex.ru/maps/org/raffud/7081466742,Открыто до 22:30,Быстрое питание
115,Даймонд,"ул. Попова, 36, Белгород",5.0,346 оценок,https://yandex.ru/maps/org/daymond/212356925505,Закрыто до 20:00,Караоке-клуб
116,Оранжевый остров,"Гражданский просп., 53А, Белгород",4.1,176 оценок,https://yandex.ru/maps/org/oranzhevy_ostrov/1775781628,Открыто до 22:00,Ресторан
117,Шаурмаг,"просп. Славы, 159, Белгород",4.1,124 оценки,https://yandex.ru/maps/org/shaurmag/197109103251,Открыто до 22:00,Быстрое питание
118,Red Rak,"ул. Победы, 71, Белгород",4.4,305 оценок,https://yandex.ru/maps/org/red_rak/1786631720,Открыто до 00:00,"Бар, паб"
119,Оранжевый остров,"Вокзальная ул., 2, Белгород, этаж 1",4.2,118 оценок,https://yandex.ru/maps/org/oranzhevy_ostrov/106475956259,Открыто до 21:00,Быстрое питание
120,Садко,"ул. Будённого, 17А, Белгород, этаж 2",4.1,529 оценок,https://yandex.ru/maps/org/sadko/198083138384,Открыто до 23:00,Ресторан
121,Ready meal,"ул. Чапаева, 14А, Белгород",3.9,13 оценок,https://yandex.ru/maps/org/ready_meal/216659371486,Открыто до 20:00,Доставка еды и обедов
122,Ведьмин котелок,"ул. 50-летия Белгородской области, 17, Белгород, этаж 1",5.0,263 оценки,https://yandex.ru/maps/org/vedmin_kotelok/200107948202,Закрыто до завтра,"Бар, паб"
123,Кафе,"Гражданский просп., 1, Белгород, этаж 1",4.1,31 оценка,https://yandex.ru/maps/org/kafe/26524754903,Открыто до 21:00,Быстрое питание
124,Кулинария,"просп. Славы, 47, Белгород, этаж 1",5.0,1986 оценок,https://yandex.ru/maps/org/kulinariya/1088408839,Открыто до 21:00,Магазин кулинарии
125,ФУД Лак,"Архиерейская ул., 4, Белгород",4.4,42 оценки,https://yandex.ru/maps/org/fud_lak/44481104768,Круглосуточно,Магазин кулинарии
126,Биг Бенни,"ул. Апанасенко, 95А, Белгород, этаж 1",4.2,461 оценка,https://yandex.ru/maps/org/big_benni/1319267430,Открыто до 23:00,Доставка еды и обедов
127,Белогорье,"Песчаная ул., 1А, Белгород",4.3,232 оценки,https://yandex.ru/maps/org/belogorye/174783454196,Закрыто до завтра,Ресторан
128,Кенгуру,"ул. Костюкова, 13А, Белгород",4.4,56 оценок,https://yandex.ru/maps/org/kenguru/121779541823,Открыто до 21:30,Пиццерия
129,Дёнер-кебаб,"ул. Щорса, 41В, Белгород",4.0,227 оценок,https://yandex.ru/maps/org/dyoner_kebab/1714145553,Круглосуточно,Быстрое питание
130,Вкусно — и точка,"ул. Щорса, 64, Белгород",4.4,1688 оценок,https://yandex.ru/maps/org/vkusno_i_tochka/115762518041,Открыто до 20:00,Быстрое питание
131,Fitness Cake,"Гражданский просп., 25, Белгород",4.8,84 оценки,https://yandex.ru/maps/org/fitness_cake/123330249674,График работы не указан,Диетические и диабетические продукты
132,Восточный смак,"Лесная ул., 1И, посёлок Дубовое, этаж 1",4.3,404 оценки,https://yandex.ru/maps/org/vostochny_smak/224702578576,Круглосуточно,Быстрое питание
133,Кафе быстрого питания,"ул. Горького, 54, Белгород",4.2,96 оценок,https://yandex.ru/maps/org/kafe_bystrogo_pitaniya/78964583571,Открыто до 21:00,Быстрое питание
134,Lazy Food,"Магистральная ул., 8, рабочий посёлок Северный, г. Белгород, пр-кт. Б. Хмельницкого, 60а",4.9,333 оценки,https://yandex.ru/maps/org/lazy_food/209460072215,Открыто до 22:00,Доставка еды и обедов
135,Добрый Самурай,"ул. Калинина, 3, Белгород, этаж 0",4.5,98 оценок,https://yandex.ru/maps/org/dobry_samuray/216134144304,Открыто до 23:00,Доставка еды и обедов
136,Вкусно — и точка,"просп. Богдана Хмельницкого, 137Т, Белгород, этаж 4",4.4,(139),https://yandex.ru/maps/org/vkusno_i_tochka/66540453877,Открыто до 23:00,Быстрое питание
137,Шашлык31.рф,"Промышленная ул., 15, Белгород",4.4,97 оценок,https://yandex.ru/maps/org/shashlyk31_rf/220207847165,Открыто до 22:00,Быстрое питание
138,KFC,"просп. Богдана Хмельницкого, 137Т, Белгород, Мегагринн, этаж 4",4.2,608 оценок,https://yandex.ru/maps/org/kfc/1317458048,Открыто до 22:00,Быстрое питание
139,Суши ням,"ул. 3-го Интернационала, 25, Белгород, этаж 1",4.5,(168),https://yandex.ru/maps/org/sushi_nyam/192398205008,Открыто до 23:00,Доставка еды и обедов
140,Pereц,"Архиерейская ул., 4, Белгород, этаж 3",3.8,35 оценок,https://yandex.ru/maps/org/perets/165441964786,Круглосуточно,Быстрое питание
141,ШаурМЕН,"Корочанская ул., 408А, Белгород",4.0,183 оценки,https://yandex.ru/maps/org/shaurmen/178146620127,Открыто до 00:00,Кафе
142,MYBOX,"ул. Щорса, 8В, Белгород, Волна, этаж 1",4.0,68 оценок,https://yandex.ru/maps/org/mybox/1585215508,Открыто до 22:00,Суши-бар
143,Грильная,"просп. Ватутина, 9Б, Белгород",4.3,117 оценок,https://yandex.ru/maps/org/grilnaya/1754398421,Открыто до 01:00,Быстрое питание
144,Кофе Вино,"ул. Мичурина, 52, Белгород, этаж 1",5.0,1214 оценок,https://yandex.ru/maps/org/kofe_vino/220415394217,Открыто до 23:00,Кофейня
145,Кебаб,"ул. Конева, 2зд1, Белгород, Торговый парк Солнечный, этаж 1",4.0,120 оценок,https://yandex.ru/maps/org/kebab/129245622869,Круглосуточно,Быстрое питание
146,Myfish,"ул. Мичурина, 52, Белгород",4.3,54 оценки,https://yandex.ru/maps/org/myfish/21962119734,Открыто до 23:00,Магазин суши и роллов
147,Гвозди,"ул. Попова, 17, Белгород, Автоград, этаж 2",4.3,1503 оценки,https://yandex.ru/maps/org/gvozdi/34563847705,До открытия 30 мин,"Бар, паб"
148,MYBOX,"ул. Белгородского Полка, 34, Белгород, Магнит, этаж 1",4.0,77 оценок,https://yandex.ru/maps/org/mybox/1384652024,Открыто до 22:00,Суши-бар
149,Между палок,"ул. Апанасенко, 97, Белгород",4.5,258 оценок,https://yandex.ru/maps/org/mezhdu_palok/178024720006,Открыто до 23:00,Доставка еды и обедов
150,ProBrunch,"просп. Богдана Хмельницкого, 60А, Белгород",4.4,17 оценок,https://yandex.ru/maps/org/probrunch/51927475980,Открыто до 20:00,Доставка еды и обедов
151,Лис и Рис,"ул. имени Героя Советского Союза А.И. Орлова, 84, Белгород",4.4,25 оценок,https://yandex.ru/maps/org/lis_i_ris/183577226272,Открыто до 22:30,Суши-бар
152,Subway,"ул. Победы, 118, Белгород",4.2,147 оценок,https://yandex.ru/maps/org/subway/1385697254,Открыто до 23:00,Быстрое питание
153,Пара булок,"просп. Ватутина, 7А, Белгород",4.0,48 оценок,https://yandex.ru/maps/org/para_bulok/98013614755,Открыто до четверга,Быстрое питание
154,Комод,"ул. Костюкова, 69, Белгород, этаж 1",5.0,1736 оценок,https://yandex.ru/maps/org/komod/1774277670,Открыто до 23:00,Кофейня
155,Вкус жизни,"Преображенская ул., 78Б, Белгород, подъезд 1, этаж 1",4.5,64 оценки,https://yandex.ru/maps/org/vkus_zhizni/1792768095,Открыто до 20:00,Диетические и диабетические продукты
156,Комбинат питания Жбк-1,"Коммунальная ул., 5, Белгород, этаж Цокольный",4.5,179 оценок,https://yandex.ru/maps/org/kombinat_pitaniya_zhbk_1/1101317822,Закрыто до завтра,Столовая
157,Потапыч,"Широкая ул., 1Б, посёлок Дубовое",3.9,475 оценок,https://yandex.ru/maps/org/potapych/152041612551,Круглосуточно,Пиццерия
158,Кулинар,"просп. Богдана Хмельницкого, 160, корп. 1, Белгород, этаж 1",3.8,28 оценок,https://yandex.ru/maps/org/kulinar/220792353002,Открыто до 20:00,Быстрое питание
159,Суши мастер,"Народный бул., 43, Белгород",4.2,273 оценки,https://yandex.ru/maps/org/sushi_master/95882805562,Открыто до 22:30,Суши-бар
160,Вкусная еда,"Корочанская ул., 132А, корп. 5, Белгород, этаж 1",3.9,21 оценка,https://yandex.ru/maps/org/vkusnaya_yeda/58294893349,Открыто до 17:00,Быстрое питание
161,Кроко пицца и роллы,"3-я Апрельская ул., 17, посёлок Новосадовый",4.9,(231),https://yandex.ru/maps/org/kroko_pitstsa_i_rolly/71387964316,Открыто до 21:30,Доставка еды и обедов
162,Суши тайм,"ул. Железнякова, 18А, Белгород, этаж -1",4.3,253 оценки,https://yandex.ru/maps/org/sushi_taym/89293417728,Открыто до 22:00,Суши-бар
163,Крейзи Пицца Белгород,"ул. Лермонтова, 33А, Белгород, этаж 1",4.1,72 оценки,https://yandex.ru/maps/org/kreyzi_pitstsa_belgorod/1327103974,Открыто до 23:00,Доставка еды и обедов
164,Дикая креветка,"ул. Губкина, 26А, Белгород",4.1,19 оценок,https://yandex.ru/maps/org/dikaya_krevetka/12690541423,Открыто до 23:00,Доставка еды и обедов
165,Оранжевый остров,"Преображенская ул., 63Д, Белгород",4.1,46 оценок,https://yandex.ru/maps/org/oranzhevy_ostrov/34111575648,Открыто до 22:00,Ресторан
166,Суши Лайт,"ул. Губкина, 17И, Белгород",1.6,27 оценок,https://yandex.ru/maps/org/sushi_layt/188313734766,Открыто до 23:00,Доставка еды и обедов
167,Surf Coffee X Friends,"Свято-Троицкий бул., 7, Белгород",4.6,375 оценок,https://yandex.ru/maps/org/surf_coffee_x_friends/183341292064,Открыто до 23:00,Кофейня
168,Life кафе,"просп. Богдана Хмельницкого, 164, Белгород, Рио, этаж 2",2.0,12 оценок,https://yandex.ru/maps/org/life_kafe/73189021136,Открыто до 22:00,Кафе
169,ВкусВилл,"ул. Попова, 25, Белгород",4.2,575 оценок,https://yandex.ru/maps/org/vkusvill/122145872024,Открыто до 21:00,NaN
170,Бургер Кинг,"просп. Богдана Хмельницкого, 137Т, Белгород, ТЦ Мега Гринн, этаж 5",4.3,486 оценок,https://yandex.ru/maps/org/burger_king/227799641191,Открыто до 22:00,Быстрое питание
171,СушиЯ,"Спортивная ул., 1А, 10-й микрорайон, Белгород, 1",4.5,93 оценки,https://yandex.ru/maps/org/sushiya/45245961444,Открыто до 21:40,Доставка еды и обедов
172,День Ночь,"просп. Славы, 35А, Белгород, въезд с ул. Николая Чумичова",5.0,2168 оценок,https://yandex.ru/maps/org/den_noch/1711450900,Закрыто до 20:00,Караоке-клуб
173,Chicago Ninja,"ул. Лермонтова, 9А, Белгород, с боку жилого дома, после на лево, подъезд 5, этаж 2",4.3,72 оценки,https://yandex.ru/maps/org/chicago_ninja/228834090032,Открыто до 23:00,Суши-бар
174,Pizza da Salvatore,"ул. Попова, 34, Белгород",5.0,471 оценка,https://yandex.ru/maps/org/pizza_da_salvatore/185008634665,Закрыто до завтра,Пиццерия
175,Бублик,"ул. Победы, 128, Белгород",4.4,167 оценок,https://yandex.ru/maps/org/bublik/49266416611,Открыто до 22:30,Ресторан
176,Willy Food,"Каштановая ул., 39, Белгород",4.0,20 оценок,https://yandex.ru/maps/org/willy_food/54659577536,Открыто до 22:00,Пиццерия
177,Food Cost,NaN,4.1,22 оценки,https://yandex.ru/maps/org/food_cost/70310065559,Открыто до 21:00,Кофейня
178,Farfor,"Студенческая ул., 6Б, Белгород, этаж 1",3.6,10 оценок,https://yandex.ru/maps/org/farfor/183408667135,Временно не работает,Доставка еды и обедов
179,Ляпота,"ул. Шершнева, 1А, микрорайон Радуга, Белгород",3.9,27 оценок,https://yandex.ru/maps/org/lyapota/168086675329,До закрытия 30 мин,Столовая
180,Дом Пива & Че по пицце?,"ул. Щорса, 45Д, корп. 1, Белгород",4.2,70 оценок,https://yandex.ru/maps/org/dom_piva_che_po_pitstse_/9271347483,Открыто до 23:00,Магазин пива
181,Ташир Пицца,"просп. Богдана Хмельницкого, 137Т, Белгород, ТЦ Мегагринн, этаж 4",5.0,(129),https://yandex.ru/maps/org/tashir_pitstsa/1149163019,Открыто до 22:00,Пиццерия
182,Самобранка,"ул. 3-го Интернационала, 92, Белгород, этаж 1",3.6,18 оценок,https://yandex.ru/maps/org/samobranka/196808861514,До закрытия 30 мин,Быстрое питание
183,Обеды в офис г. Белгород,"ул. 60 лет Октября, 2В, 10-й микрорайон, Белгород",NaN,NaN,NaN,Организация переехала,Доставка еды и обедов
184,MYBOX,"просп. Богдана Хмельницкого, 137Т, Белгород, Мега-Гринн, этаж 4",4.0,99 оценок,https://yandex.ru/maps/org/mybox/1202283303,Открыто до 22:00,Быстрое питание
185,Бургер Кинг,"ул. Щорса, 64, микрорайон Пригородный, посёлок Дубовое, этаж 1",4.4,1913 оценок,https://yandex.ru/maps/org/burger_king/209711895726,Открыто до 22:00,Быстрое питание
186,Оранжевый остров,"ул. 50-летия Белгородской области, 17В, Белгород",3.9,70 оценок,https://yandex.ru/maps/org/oranzhevy_ostrov/130938732678,Открыто до 20:00,Быстрое питание
187,MYBOX,"просп. Богдана Хмельницкого, 164, Белгород, Рио, этаж 1",4.2,52 оценки,https://yandex.ru/maps/org/mybox/1214756699,Открыто до 22:00,Суши-бар
188,Кулинария,"Садовая ул., 6, Белгород",4.6,245 оценок,https://yandex.ru/maps/org/kulinariya/1301880335,Открыто до 21:30,Магазин кулинарии
189,MYBOX,"ул. Щорса, 64, Белгород, Белгородский, этаж 1",4.1,45 оценок,https://yandex.ru/maps/org/mybox/108079999017,Открыто до 22:00,Суши-бар
190,MYBOX,"ул. 60 лет Октября, 1, 10-й микрорайон, Белгород, Европа, этаж 1",3.8,58 оценок,https://yandex.ru/maps/org/mybox/55546876269,Открыто до 22:00,Суши-бар
191,Бистро,"Народный бул., 82, Белгород",3.7,13 оценок,https://yandex.ru/maps/org/bistro/18510300509,Открыто до 21:00,Быстрое питание
192,Смак,"просп. Богдана Хмельницкого, 135Д, корп. 2, Белгород",2.2,18 оценок,https://yandex.ru/maps/org/smak/127326064560,Открыто до 20:00,Быстрое питание
193,Вкусная еда,"Корочанская ул., 416, Белгород",2.7,16 оценок,https://yandex.ru/maps/org/vkusnaya_yeda/110055028665,График работы не указан,Быстрое питание
194,Эльф,"ул. Некрасова, 17А, Белгород",4.3,223 оценки,https://yandex.ru/maps/org/elf/6517775981,Открыто до 01:00,Магазин пива
195,Царский вкус,"Привольная ул., 1А, Белгород",4.2,7 оценок,https://yandex.ru/maps/org/tsarskiy_vkus/74341125731,График работы не указан,Быстрое питание
196,Еда,"Корочанская ул., 416А, Белгород",3.9,11 оценок,https://yandex.ru/maps/org/yeda/221283438906,График работы не указан,Быстрое питание
197,Ташир Пицца,"просп. Богдана Хмельницкого, 164, Белгород, ТЦ Рио, этаж 2",4.6,(167),https://yandex.ru/maps/org/tashir_pitstsa/1017058006,Открыто до 21:00,Пиццерия
198,Кебаб,"Привольная ул., 1А, Белгород",NaN,NaN,NaN,Круглосуточно,Быстрое питание
199,Магазин суши и азиатских продуктов,"бул. Юности, 39, Белгород",4.3,24 оценки,https://yandex.ru/maps/org/magazin_sushi_i_aziatskikh_produktov/56857502305,Открыто до 22:30,Магазин суши и роллов
200,MYBOX,"просп. Ленина, 1А, рабочий посёлок Разумное, Пятёрочка, этаж 1",4.0,178 оценок,https://yandex.ru/maps/org/mybox/1222763756,Открыто до 22:00,Суши-бар
201,Тшм,"Олимпийская ул., 4В, рабочий посёлок Северный",4.0,88 оценок,https://yandex.ru/maps/org/tshm/73458475037,Открыто до 23:00,Быстрое питание
202,Fitness cake,"Славянская ул., 7Б, Белгород",4.4,75 оценок,https://yandex.ru/maps/org/fitness_cake/9737446792,Открыто до 20:00,Кондитерская
203,Галерея,"Зелёный пер., 1А, село Соломино, помещение 2",4.8,(798),https://yandex.ru/maps/org/galereya/149854503334,Открыто до 00:00,Ресторан
204,Принц Пирогов,"Гражданский просп., 18, Белгород",NaN,NaN,NaN,Организация переехала,Пекарня
205,Лемони,"ул. Щорса, 57, Белгород",4.4,114 оценок,https://yandex.ru/maps/org/lemoni/1288910623,Открыто до 19:00,Кондитерская
206,ВкусВилл,"ул. Костюкова, 39А, Белгород",4.4,114 оценок,https://yandex.ru/maps/org/vkusvill/196230428553,Открыто до 20:00,NaN
207,Азбука Хлеба,"ул. Некрасова, 33, Белгород, этаж 1",4.6,110 оценок,https://yandex.ru/maps/org/azbuka_khleba/45024630761,Открыто до 20:00,Пекарня
208,Продуктовый магазин,NaN,4.1,30 оценок,https://yandex.ru/maps/org/produktovy_magazin/232499826918,Открыто до 21:00,Магазин продуктов
209,Кофе и Хлеб,"ул. Победы, 69А, Белгород",4.3,13 оценок,https://yandex.ru/maps/org/kofe_i_khleb/46821189777,Открыто до 20:00,Кофейня
210,Максимус,"Садовая ул., 25В, Белгород, этаж 1",4.3,293 оценки,https://yandex.ru/maps/org/maksimus/1735961614,Открыто до 22:00,Магазин продуктов
211,Ташир Пицца,"ул. Щорса, 64, микрорайон Пригородный, посёлок Дубовое, ТЦ Сити Молл, этаж 2",4.5,(133),https://yandex.ru/maps/org/tashir_pitstsa/1204981942,Открыто до 22:00,Пиццерия
212,Комбинат питания БГТУ имени В.Г. Шухова,"ул. Костюкова, 46, корп. 3, Белгород",4.1,24 оценки,https://yandex.ru/maps/org/kombinat_pitaniya_bgtu_imeni_v_g_shukhova/158329507009,Открыто до 17:00,Комбинат питания
213,Быстрое питание,"Студенческая ул., 1К, Белгород",4.2,8 оценок,https://yandex.ru/maps/org/bystroye_pitaniye/208648901076,Открыто до 17:00,Быстрое питание
214,Кафе шашлычная Сытое пузо,"5-й Заводской пер., 7В, Белгород",3.9,9 оценок,https://yandex.ru/maps/org/kafe_shashlychnaya_sytoye_puzo/111511582014,Открыто до 22:00,Доставка еды и обедов
